Title,Tele,Email,Web,Addy,Poblacion,Type,Contact Source
Arquitectos,00 351 21 314 17 42,x,pm-arq.com,"5 Av. Praia da Vitoria
Lisbon 1000-245",LISBOA,Architectural Design Studios,Dexigner
Openbook,(+351) 210 960 610,geral@openbook.pt / geral@openbook-brasil.com,openbook.pt,"Av. Conselheiro Fernando de Sousa, 19 - 8º
1070-072 Lisboa",LISBOA,Architectural Design Studios,Dexigner
Clínica de Arquitectura,+351 935 006 171,x,clinicadearquitectura.com,"Rua Ricardo Jorge 55
4050-514, Porto",x,Architectural Design Studios,Dexigner
Barbas Lopes Arquitectos,+351.21.3885323,INFO@BARBASLOPES.COM / info@barbaslopes.com,barbaslopes.com,"Travessa do Cabo, 10-12
1250-058 Lisboa",LISBOA,Architectural Design Studios,Dexigner
Blaanc,+351936579000,lisboa@blaanc.com,blaanc.com,"Rua do Sol a Santa Catarina 18
1200-455 Lisboa",LISBOA,Architectural Design Studios,Dexigner
PARQ Arquitectos,+35 220937069,geral@parq.pt,parq.pt,"Rua Candido dos Reis 46
Sala 11, 4050-151 Porto",x,Architectural Design Studios,Dexigner
Porto Architects,+351 918 164 500,x,portoarchitects.com,"Cais do Lugan 250 S1
4400-492 Vila Nova de Gaia",x,Architectural Design Studios,Dexigner
Cristina Jorge de Carvalho,(+351) 213 895 800,x,cjc-interiordesign.com,"Rua Alexandre Herculano, 15-3º
1250-008 Lisbon",LISBOA,Interior Design Studios,Dexigner
ComA,+351 916 513 370,x,coma.com.pt,"Rua João Saraiva 28A 3F
1700-250 Lisboa",LISBOA,Architectural Design Studios,Dexigner
Pedro Geraldes,+351 93 500 61 71,x,pedrogeraldes.com,Porto Area,x,Architects,Dexigner
Miguel Carrapa,+351 222 052 398,x,mcarrapa.com,"Rua de Passos Manuel, 204
4000-382 Porto",x,Architects,Dexigner
Concepsys,+351 217930630,x,concepsys.pt,"Avenida Elias Garcia, 76, 6º E
1050-100 Lisboa",LISBOA,Architecture Companies,Dexigner
KWY.studio,x,info@kwy.studio,http://www.k-w-y.org/,"1, Travessa do Conde de Avintes, Lisboa, Portugal",x,Architecture / Design Firm,Architizer
António Costa Lima Arquitectos,work: +315 213 432 868,geral@antoniocostalima.com,http://www.antoniocostalima.com/,"Lisbon, Portugal",x,Architecture / Design Firm,Architizer
Costa Lima Arquitectos,work: +351 226 054 812 / work: +351 226 054 812,cla@costalimaarquitectos.com,http://costalimaarquitectos.com,"Rua de Gonçalo Sampaio, Porto, Portugal",x,Architecture / Design Firm,Architizer
Guedes Cruz Architects,cell: 00351929030770 / cell: 00351910282176 / work: 00351213967245 / cell: 00351912569806,mmarinho@guedescruz.com,http://guedescruzarquitecto.wix.com/pt,"Praça Luís de Camões, Lisboa, Portugal",x,Architecture / Design Firm,Architizer
Fragmentos,work: 00351 214 661 218,fra@fragmentos.pt,http://www.fragmentos.pt/,"Lisbon, Portugal",x,Architecture / Design Firm,Architizer
STUDIO TOGGLE,work: +965 22200443,info@studiotoggle.com,http://www.studiotoggle.com/,"Porto, Portugal",x,Architecture / Design Firm,Architizer
studio dois,x,info@studiodois.eu,http://www.studiodois.eu/,"Calheta, Portugal",x,Architecture / Design Firm,Architizer
Atelier d'Arquitectura Lopes da Costa,cell: +351 918614258 / work: +351 256 575 195,mail@lopesdacosta.pt,https://lopesdacosta.pt/,"Ovar Municipality, Aveiro District, Portugal",x,Architecture / Design Firm,Architizer
Ventura + Partners,work: 351 22 086 253,office@venturaandpartners.com,http://venturaandpartners.com,"Porto, Portugal",x,Architecture / Design Firm,Architizer
Vitor Vilhena Architects,x,x,http://www.vitorvilhena.com,"Lagos, Portugal",x,Architecture / Design Firm,Architizer
NOARQ,x,noarq@noarq.com,http://www.noarq.com,"Porto, Portugal",x,Architecture / Design Firm,Architizer
Terra Arquitectos,work: +351255164903,geral@terraarquitectos.pt,http://www.terraarquitectos.pt,"Amarante, Portugal, Portugal",x,Architecture / Design Firm,Architizer
PAULO MERLINI ARCHITECTS,work: +351 912579791,office@paulomerlini.com,http://www.paulomerlini.com/,"Porto, Portugal",x,Architecture / Design Firm,Architizer
fala atelier,work: (+351) 913134612,fala.atelier@gmail.com,http://www.falaatelier.com/,"Porto, Portugal",x,Architecture / Design Firm,Architizer
FCC Arquitectura,cell: 913317552 / cell: 964708079 / work: 255923445,atelierdearquitectura@yahoo.com,https://architizer.com/firms/fcc-arquitectura/,"Felgueiras, Portugal",x,Architecture / Design Firm,Architizer
Waataa_we are all together around architecture,x,info@waataa.pt,http://www.waataa.pt,"Tondela, Portugal",x,Architecture / Design Firm,Architizer
Bak Gordon Arquitectos,work: 00351 213 471 107,bakgordon@bakgordon.com,https://www.bakgordon.com/,"Lisbon, Portugal",x,Architecture / Design Firm,Architizer
Atelier106,cell: 00351913929297,atelier0106@gmail.com,https://www.atelier106.pt/,"Lisbon, Portugal",x,Architecture / Design Firm,Architizer
Arkstudio,work: +351 93 33 27 333,info@arkstudio.pt,http://www.arkstudio.pt/,"Lisbon, Portugal",x,Architecture / Design Firm,Architizer
atelier Rua,http://www.atelierrua.com/,info@atelierrua.com,http://www.atelierrua.com/,"Lisbon, Portugal",x,Architecture / Design Firm,Architizer
BUREAU,work: +351 21 808 07 14 / work: +41 78 608 72 02,info@bureau.ac,https://bureau.ac/,"Lisbon, Portugal",x,Architecture / Design Firm,Architizer
tip architects,x,x,http://www.tipp.pt,"Lisbon, Portugal",x,Architecture / Design Firm,Architizer
PAULO MARTINS ARQ&DESIGN,cell: 00351 910 014 252,geral@paulomartins.com.pt,http://paulomartins.com.pt/,"Aveiro, Portugal",x,Architecture / Design Firm,Architizer
Produção de Arquitectura  Vasco Lopes Arquitectos,work: 351 91 434 20 38 / work: +351 966297053 / work: 351 96 629 70 53,geral.prodarq@gmail.com,http://www.vascolopesarquitectos.com/,Portugal,x,Architecture / Design Firm,Architizer
murmuro,x,hello@murmuro.pt,http://www.murmuro.pt/,"Porto, Portugal",x,Architecture / Design Firm,Architizer
Ren Ito Arquiteto,x,renitoarq@gmail.com,http://www.ren-ito.com/,"Porto, Portugal",x,Architecture / Design Firm,Architizer
PROMONTORIO,fax: +351 218 620 971 / work: +351 218 620 970,info@promontorio.net,http://www.promontorio.net,"10, Rua Fábrica de Material de Guerra, Lisboa, Portugal",x,Architecture / Design Firm,Architizer
ColectivArquitectura™,x,colectiva@colectiva.pt,http://www.colectiva.pt/,"Lisbon, Portugal",x,Architecture / Design Firm,Architizer
AAP - Associated Architects Partnership,work: +351 289 394 505 / work: +965 229 432 13,info@aap.company,http://www.aap.company/,"135, Rua do Grilo, Lisboa, Portugal",x,Architecture / Design Firm,Architizer
arriba,x,atelier@arriba.pt,http://atelier@arriba.pt,"Lisbon, Portugal",x,Architecture / Design Firm,Architizer
VT - Vasco Teixeira Architecture,x,vascovt@gmail.com,https://architizer.com/firms/vt-vasco-teixeira-architect/,"Portimão, Portugal",x,Architecture / Design Firm,Architizer
Manuel Tojal Architects,work: (+351) 961 558 508,info@manuelcachaotojal.com,http://www.manuelcachaotojal.com,"Bombarral, Leiria District, Portugal",x,Architecture / Design Firm,Architizer
Atelier Data,work: +351218123838,office@atelierdata.com,http://www.atelierdata.com/,"Lisbon, Portugal",x,Architecture / Design Firm,Architizer
Tiago do Vale Arquitectos,x,info@tiagodovale.com,http://tiagodovale.com/,"121, Rua Dom Frei Caetano Brandão, Braga Municipality, Portugal",x,Architecture / Design Firm,Architizer
MARLENE ULDSCHMIDT,work: +351282431083,info@marleneuldschmidt.com,http://marleneuldschmidt.com/,"6, Escadinhas do Arade, Ferragudo, Portugal",x,Architecture / Design Firm,Architizer
Bernardes Arquitetura,work: + 55 11 5185 0050 / work: + 55 21 2512 7743,contato@bernardesarq.com.br,http://www.bernardesarq.com.br/,"167, Rua da Escola Politécnica, Lisboa, Portugal",x,Architecture / Design Firm,Architizer
"Galeria Gabinete - Architecture, Design and Engineering",work: +351 255403254,correio@galeriagabinete.com,http://www.galeriagabinete.com/,"Rua Alfredo Pereira, Penafiel, Penafiel, Portugal",x,Architecture / Design Firm,Architizer
FAHR 021.3,work: +351 220 301 573,info@fahr0213.com,http://www.fahr0213.com/,"Porto, Portugal",x,Architecture / Design Firm,Architizer
PAr Plataforma de ARquitectura,x,info@parplataformadearquitectura.pt,http://www.parplataformadearquitectura.pt/,"47, Avenida Fontes Pereira de Melo, Lisboa, Portugal",x,Architecture / Design Firm,Architizer
Nonarquitetura,work: +351227625044 / work: +351919894133,info@nonarquitetura.com,http://no9nna.wix.com/arqui#!projetos/ctzx,"São Félix da Marinha, Portugal",x,Architecture / Design Firm,Architizer
EXTRASTUDIO,work: +351 213214797,info@extrastudio.pt,http://extrastudio.pt/en,"110, Rua Praia de Pedrouços, Lisboa, Portugal",x,Architecture / Design Firm,Architizer
Floret,x,geral@floret.pt,http://floret.pt/,"Porto, Portugal",x,Architecture / Design Firm,Architizer
Frari - architecture network,work: +351 234 095 101,info@frari.pt,http://www.frari.pt/,"Aveiro, Portugal",x,Architecture / Design Firm,Architizer
3r Ernesto Pereira,work: +351918341060,geral@3-r.pt,http://www.3-r.pt/,"Vila do Conde, Portugal",x,Architecture / Design Firm,Architizer
Plano Humano Arquitectos,cell: +351 939 898 885 / work: +351 215 931 212,geral@pharquitectura.com,http://www.PlanoHumanoArquitectos.com/,"21, Avenida Ressano Garcia, Lisboa, Portugal",x,Architecture / Design Firm,Architizer
PEDRO HENRIQUE ARQUITECTO,x,geral@pedrohenriquearquiteto.com,http://www.pedrohenriquearquiteto.com/,"Santa Maria da Feira, Aveiro District, Portugal",x,Architecture / Design Firm,Architizer
Estúdio AMATAM,x,info@estudioamatam.com,http://www.estudioamatam.com/,"Almada, Portugal",x,Architecture / Design Firm,Architizer
Site Specific Arquitectura,x,info@sitespecific.pt,http://www.sitespecific.pt,"Lisbon, Portugal",x,Architecture / Design Firm,Architizer
ARCO mais,x,arcomais@gmail.com,https://architizer.com/firms/arco-mais/,"Ponta Delgada, Portugal",x,Architecture / Design Firm,Architizer
Carvalho Araújo,x,ca@carvalhoaraujo.com,http://www.carvalhoaraujo.com/index.html,"98, Rua Eça de Queirós, Braga Municipality, Portugal",x,Architecture / Design Firm,Architizer
Valdemar Coutinho Arquitectos,work: +351258811400,geral@valdemarcoutinho.com,http://www.valdemarcoutinho.com/,"184, Avenida Dom Afonso III, Viana do Castelo, Portugal",x,Architecture / Design Firm,Architizer
SPL-Arquitectos,work: +351 93 427 35 32,geral@spl-arquitectos.com,http://issuu.com/paulo_lucas/docs/works,"Sesimbra, Setubal, Portugal",x,Architecture / Design Firm,Architizer
PF Architecture Studio,x,pfarchstudio@gmail.com,http://www.pfarchstudio.com/,Portugal,x,Architecture / Design Firm,Architizer
Rui Vieira Oliveira Arquitecto,work: 00351253087304,info@ruivieiraoliveira.com,http://www.ruivieiraoliveira.com/,"Guimaraes, Portugal",x,Architecture / Design Firm,Architizer
Lousinha Arquitectos,work: (+351) 234428719,mail@lousinhaarquitectos.pt,http://www.lousinhaarquitectos.pt,"Aveiro Municipality, Portugal",x,Architecture / Design Firm,Architizer
Colectivo Cais,http://www.colectivocais.com/,colectivocais@gmail.com,http://www.colectivocais.com/,"34, Largo Conde-Barão, Lisboa, Portugal",x,Architecture / Design Firm,Architizer
ORANGEarquitectura,work: +351239701423,orange@orangearquitectura.pt,http://www.orangearquitectura.pt/,"Rua Moçambique, Coimbra, Portugal",x,Architecture / Design Firm,Architizer
P-06 Atelier,work: 00351 214 467 367 / work: 00351 214 467 367,atelier@p-06-atelier.pt,http://www.p-06-atelier.pt/,"28, Praça Guilherme Gomes Fernandes, Lisbon, Portugal",x,Architecture / Design Firm,Architizer
ALEXANDRE XAVIER DE PINA,cell: +351 914279384,alexandrexpina@gmail.com,https://architizer.com/firms/alexandre-pina/,"Lisbon, Portugal",x,Architecture / Design Firm,Architizer
Corpo Atelier,x,info@corpoatelier.com,http://www.corpoatelier.com/,"Lisbon, Portugal",x,Architecture / Design Firm,Architizer
M-AO - Martins Architecture Office,work: +351 253 536 113 / work: +351 253536113,i@m-ao.pt,http://www.m-ao.pt,"170, Avenida Dom Afonso Henriques, Guimarães, Portugal",x,Architecture / Design Firm,Architizer
Walk&Talk - Arts Festival,x,x,http://www.walktalkazores.org,"Ponta Delgada, Portugal",x,Architecture / Design Firm,Architizer
AF Arquitectos,work: +351 917 216 966 / http://www.afarquitectos.com/,geral@afarquitectos.com,http://www.afarquitectos.com/,"4B, Avenida 24 de Julho, Lisboa, Portugal",x,Architecture / Design Firm,Architizer
Architecture Clinic,work: 00351935006171,mail@clinicadearquitectura.com,http://www.architectureclinic.com/,"Porto, Portugal",x,Architecture / Design Firm,Architizer
Filipe Mónica arquitectos,cell: +351 960066265,info@filipemonica.com,http://www.filipemonica.com,"Lisbon, Portugal",x,Architecture / Design Firm,Architizer
Helena Botelho Arquitectura,x,info@helenabotelho.com,http://www.helenabotelho.com/,"50, Rua Afonso Annes Penedo, Lisboa, Portugal",x,Architecture / Design Firm,Architizer
"Nu.ma Unipessoal, LDA",x,matossilva.arq@gmail.com,http://www.facebook.com/nu.ma.arq,"26, Rua de Castro Matoso, Aveiro, Portugal",x,Architecture / Design Firm,Architizer
COSTΛLOPES,work: T: +351 213 827 280,info@costalopes.com,http://www.costalopes.com/,"Rua Kwame Nkrumah, Luanda, Angola",x,Architecture / Design Firm,Architizer
NOZ Arquitectura,x,mail@noz.com.pt,https://divisare.com/authors/2144771332-noz-arquitectura,"Praça do Príncipe Real, Lisboa, Portugal",x,Architecture / Design Firm,Architizer
Campos Costa Arquitetos,work: +351 213420605,cca@camposcosta.com,http://www.camposcosta.com/,"Rua dos Sapateiros, São Nicolau, Lisboa, Portugal",x,Architecture / Design Firm,Architizer
URBAstudios,x,info@urbastudios.com,http://www.urbastudios.com/,"Porto, Portugal",x,Architecture / Design Firm,Architizer
Atelier Xavier Ávila,work: +351 292623031,atelierxavieravila@gmail.com,http://atelierapartamentosxa.com,"Madalena, Portugal",x,Architecture / Design Firm,Architizer
Branco-del Rio,x,estudio@branco-delrio.com,http://www.branco-delrio.com/,"Coimbra, Portugal",x,Architecture / Design Firm,Architizer
Camarim,work: +351 218 825 501,mail@camarim.pt,http://www.camarim.pt,"Lisbon, Portugal",x,Architecture / Design Firm,Architizer
Pedro Mendes Arquitectos,work: 213421649 / http://www.pmendes.com/,pm.arq@pm.mail.pt,http://www.pmendes.com/,"Rua do Corpo Santo, Lisbon, Portugal",x,Architecture / Design Firm,Architizer
CAVE architecture&arts,x,info@cave.com.pt,http://www.cave.com.pt/,"Lisbon, Portugal",x,Architecture / Design Firm,Architizer
Nuno Pimenta,x,info@nunopimenta.com,http://www.nunopimenta.com/,"Porto, Portugal",x,Architecture / Design Firm,Architizer
VISIOARQ - ARQUITECTOS,cell: +351919842552,visioarq@visioarq.pt,http://www.visioarq.pt/,"Coimbra, Portugal",x,Architecture / Design Firm,Architizer
"João Mendes Ribeiro Arquitecto, Lda",work: + 351 239 833 763,info@mendesribeiro.pt,https://architizer.com/firms/joao-mendes-ribeiro-arquitecto-lda-1/,"Coimbra, Portugal",x,Architecture / Design Firm,Architizer
menos é mais arquitectos,work: +351 222010451,info@menosemais.com,http://menosemais.com/,"Porto, Portugal",x,Architecture / Design Firm,Architizer
DC.AD,work: (+351) 917 735 271,info@dc-ad.com,http://dc-ad.com/,"Lisbon, Portugal",x,Architecture / Design Firm,Architizer
Pitagoras Group,work: +351253419523,geral.portugal@pitagorasgroup.com,http://www.pitagorasgroup.com/,"Guimaraes, Portugal",x,Architecture / Design Firm,Architizer
CVDB arquitectos,x,cvdb@cvdbarquitectos.com,http://www.cvdbarquitectos.com/,"Lisbon, Portugal",x,Architecture / Design Firm,Architizer
M2 SENOS,x,m2.senos@gmail.com,http://m2senos.wix.com/m2senos,"Rua Capitão Adolfo Simões Paião, Ilhavo, Portugal",x,Architecture / Design Firm,Architizer
LIBB,x,info@libb.pt,http://www.libb.pt/,"Porto, Portugal",x,Architecture / Design Firm,Architizer
Vírgula i,work: +351222014210,info@virgulai.com,http://www.virgulai.com/,"Porto, Portugal",x,Architecture / Design Firm,Architizer
xhouse ,x,xbiotech@gmail.com,http://xhouseinazores.wordpress.com/,"Azores, Portugal",x,Architecture / Design Firm,Architizer
236 Arquitectos,work: 351 22 619 7700,geral@236arquitectos.com,http://www.236arquitectos.com/,"236, Avenida de Montevideu, Porto, Portugal",x,Architecture / Design Firm,Architizer
Pereira Miguel Arquitectos,work: 351 21 314 17 42,info@pm-arq.com,http://www.pm-arq.com/,"Avenida Praia da Vitória, Lisboa, Portugal",x,Architecture / Design Firm,Architizer
merooficina,x,mero@merooficina.com,http://www.merooficina.com/,"539, Rua de Fernandes Tomás, Porto, Portugal",x,Architecture / Design Firm,Architizer
MIMA  Architects,work: 351 964 485 720,info@mimahousing.pt,http://www.mimahousing.com/,"Viana do Castelo, Portugal",x,Architecture / Design Firm,Architizer
paulosantacruz.arquitetos,work: 222 082 215,santacruz@zurcatnas.com,http://www.paulosantacruz.com/,"Porto, Portugal",x,Architecture / Design Firm,Architizer
ATELIER CENTRAL ARQUITECTOS,fax: +351 21 393 12 49 / work: +351 21 393 12 40,geral@ateliercentral.com,http://www.ateliercentral.pt/,"Lisbon, Portugal",x,Architecture / Design Firm,Architizer
The Flying Architect,cell: +351 963 046 051,theflyingarchitect.email@gmail.com,https://architizer.com/firms/the-flying-architect/,"Sintra, Portugal",x,Architecture / Design Firm,Architizer
Contaminar Arch.,work: 351 244 821 301 / http://contaminar.pt/,geral@contaminar.pt,http://contaminar.pt/,"Leiria, Portugal",x,Architecture / Design Firm,Architizer
OTO arquitectos,cell: +351979780031 / cell: +351933341369,acs@oto.pt,https://architizer.com/firms/oto-arquitectos/,"19, Calçada Ribeiro Santos, Lisbon, Portugal",x,Architecture / Design Firm,Architizer
ATKA arquitectos,work: +351.222011161,atka@email.com,http://atka-arquitectos.com/,"Porto, Portugal",x,Architecture / Design Firm,Architizer
brunovazsousaarq,work: 00351965642620,brunovazsousa@gmail.com,https://architizer.com/firms/brunovazsousaarq/,"Viana do Castelo District, Portugal",x,Architecture / Design Firm,Architizer
José Adrião Arquitectos,work: +351 21 362 07 62,ja@joseadriao.com,http://www.joseadriao.com/,"Lisbon, Portugal",x,Architecture / Design Firm,Architizer
"ateliermob - arquitectura, design e urbanismo lda.",work: +351218863869,info@ateliermob.com,http://www.ateliermob.com/,"Lisbon, Portugal",x,Architecture / Design Firm,Architizer
José Carlos Cruz - Arquitecto,x,arch@josecarloscruz.com,http://www.josecarloscruz.com/,"Porto, Portugal",x,Architecture / Design Firm,Architizer
bo | bruno oliveira arquitectura,cell: +351 912 328 586,mail@bruno-oliveira.com,http://www.bruno-oliveira.com/,"Estarreja, Portugal",x,Architecture / Design Firm,Architizer
Graciana Oliveira,x,go.arq@sapo.pt,https://architizer.com/firms/go-1/,"Rua Cavalum, Penafiel, Portugal",x,Architecture / Design Firm,Architizer
SALWORKS,work: 00351 296 28 38 38 / http://www.sal.works/,info@sal.works,http://www.sal.works/,"Rua Professor Machado Macedo, Ponta Delgada, Portugal",x,Architecture / Design Firm,Architizer
Sofia Granjo,work: +351 224 109 491,info@sofiagranjo.com,http://www.sofiagranjo.com/,"42, Rua Doutor Ferreira Macedo, Vila Nova de Gaia, Portugal",x,Architecture / Design Firm,Architizer
SAAVEDRArquitectura,work: +351 253 412 723,isabel.saavedra@mail.telepac.pt,http://www.saavedrarquitectura.com/,"259, Rua Doutor Carlos Saraiva, Costa, Portugal",x,Architecture / Design Firm,Architizer
Adriano Pimenta Architects,cell: 00 351 938 291 442 / work: 00 351 226 063 348,adrianopimenta.arq@gmail.com,http://www.adrianopimentaarquitetos.com/,"Porto, Portugal",x,Architecture / Design Firm,Architizer
"Alberto Craveiro, Arquitecto",cell: +351 914747813,albertocraveiroarq@gmail.com,http://www.albertocraveiroarq.com/,"Barcelos, Portugal",x,Architecture / Design Firm,Architizer
ADOFF -  Architects,work: 00351 918703669,antonio@adoff.pt,http://www.adoff.pt/,"Leça da Palmeira, Portugal",x,Architecture / Design Firm,Architizer
A. Burmester Arquitectos Associados,work: +351917532974 / work: +351223705032,aburmester@aburmester.com,http://www.aburmester.com/,"96, Rua Cavaco, Vila Nova de Gaia, Porto District, Portugal",x,Architecture / Design Firm,Architizer
M.AR Nuno Montenegro Architects,work: 00351-212342334,info.montenegro@mail.com,http://www.montenegroarquitectos.com,"Praça da Liberdade, Setúbal, Portugal",x,Architecture / Design Firm,Architizer
Mayer & Selders Architects,work: +351 291973125,office@mayerselders.pt,http://mayerselders.pt/,"Arco Da Calheta, Portugal",x,Architecture / Design Firm,Architizer
PARATELIER,x,info@paratelier.com,http://www.paratelier.com/,"Rua de São Mamede, Lisbon, Portugal",x,Architecture / Design Firm,Architizer
JPS Atelier,cell: +351 963 039 610 / work: +351 214 211 176,geral@jpsatelier.com,http://www.jpsatelier.com/,"Oeiras, Portugal",x,Architecture / Design Firm,Architizer
Moura Martins Architects,work: 00351226092389,mail@mouramartins.com,http://www.mouramartins.com/,"Porto, Portugal",x,Architecture / Design Firm,Architizer
Caldeira Figueiredo Architects,fax: (+351) 253 967 325 / work: (+351) 253 967 323 / http://www.caldeirafigueiredo.com/,geral@caldeirafigueiredo.com,http://www.caldeirafigueiredo.com/,"Praça do Município, Esposende, Portugal",x,Architecture / Design Firm,Architizer
PLAN Associated Architects,work: +351 289 392 636,info@planassociados.pt,http://www.planassociados.pt/,"Rua Manuel dos Santos Vaquinhas, Faro District, Portugal",x,Architecture / Design Firm,Architizer
Estúdio Urbano Arquitectos,work: +351214177567,info@estudiourbano.com,https://architizer.com/firms/estudio-urbano-arquitectos/,"2B, Rua António Lopes Ribeiro, Queijas, Portugal",x,Architecture / Design Firm,Architizer
Humberto Conde Arq. (HRA-Lisboa),x,humbertoconde.arq@mail.telepac.pt,https://architizer.com/firms/humberto-conde-arq-hra-lisboa/,"25, Avenida Conselheiro Fernando de Sousa, Lisbon, Portugal",x,Architecture / Design Firm,Architizer
3.14 Arquitectura e Design,cell: +351 919 975 313 / cell: +351 914 156 007,3.14arquitectos@gmail.com,http://314arquitectos.wix.com/tres14,"Espinho, Portugal",x,Architecture / Design Firm,Architizer
[A] ainda arquitectura,work: +351.226 003 251,ainda.arquitectura@gmail.com,https://architizer.com/firms/a-ainda-arquitectura/,"1167, Avenida da Boavista, Porto, Portugal",x,Architecture / Design Firm,Architizer
adarq,work: (+351) 249 728 480,geral@adarq.net,http://www.adarq.net/,"Entroncamento, Portugal",x,Architecture / Design Firm,Architizer
"AFR architects, Ltd",x,info@afr-arquitectos.com,http://www.afr-arquitectos.com/,"Lisbon, Portugal",x,Architecture / Design Firm,Architizer
Albertina Oliveira-Arquitectura Lda,work: «351224648085 / work: +351224649084,info@albertinaoliveira.mail.pt,http://www.albertinaoliveira.com/,"61, Rua Combatentes Grande Guerra, Gondomar, Portugal",x,Architecture / Design Firm,Architizer
Alexandra Pires,http://www.alexandrapires.com/,geral@alexandrapires.com,http://www.alexandrapires.com/,"Porto, Portugal",x,Architecture / Design Firm,Architizer
Almeida Fernandes,cell: +351 918400079,info@almeidafernandes.pt,http://www.almeidafernandes.pt,"Lisbon, Portugal",x,Architecture / Design Firm,Architizer
"Ana Carvalho, Arquiteta",x,anacarvalho.arqt@gmail.com,https://architizer.com/firms/ana-carvalho-arquiteta/,"Viseu, Portugal",x,Architecture / Design Firm,Architizer
Ana Viegas,work: +351289399798,anaviegaslda@portugalmail.com,https://architizer.com/firms/ana-viegas/,"48, Avenida 5 de Outubro, Alamansil, Portugal",x,Architecture / Design Firm,Architizer
AND-RÉ,fax: 00351 222444228 / work: 00351 222444228,office@and-re.pt,http://www.and-re.pt/,"Porto, Portugal",x,Architecture / Design Firm,Architizer
Andreas Mörschel,work: +351213462371,mail@moerschel-arquitectos.com,http://moerschel-arquitectos.com/,"Lisbon, Portugal",x,Architecture / Design Firm,Architizer
Apparatus Architects,work: +351211574272,contact@apparatusarch.com,http://apparatusarch.com/,"Rua da Escola Politécnica, Lisboa, Portugal",x,Architecture / Design Firm,Architizer
AR Studio Architects,cell: +33609305792 / cell: 00351 919774113,geral@arstudioarchitects.com,http://www.arstudioarchitects.com,"Porto, Portugal",x,Architecture / Design Firm,Architizer
Archiactivity,cell: 00351 96 212 94 90,archiactivity@yahoo.com,http://archiactivity.wix.com/mafaldacarmona,"Cotovia, Sesimbra, Portugal",x,Architecture / Design Firm,Architizer
Archiprix Portugal Awards,x,archiprixportugal@gmail.com,http://www.archiprix.pt/national/index.php,Portugal,x,Architecture / Design Firm,Architizer
Architailors,cell: +351 91 647 21 21 / work: +351 22 073 13 31,info@architailors.com,http://www.architailors.com/,"Porto, Portugal",x,Architecture / Design Firm,Architizer
Architect Your Home,work: 00351 214465994 / cell: 00351 912408380,info@architectyourhome.pt,http://www.architect-yourhome.com/,"Porto, Portugal",x,Architecture / Design Firm,Architizer
ARG studio,work: +351 917 208 898,info@arg-studio.com,http://arg-studio.com/,"396, Rua de Sobreiras, Porto, Portugal",x,Architecture / Design Firm,Architizer
ARQRQ,x,quaresma.rui@gmail.com,http://arqrq.blogspot.pt/,Portugal,x,Architecture / Design Firm,Architizer
ARTsolutions,work: +351211331000,x,http://www.artsolutions-group.com/,"Cascais, Portugal",x,Architecture / Design Firm,Architizer
ask:,cell: +351 919 682 233 / cell: +351 916 923 161 / ask:,mail@ask-sa.com,http://www.ask-sa.com/,"Porto, Portugal",x,Architecture / Design Firm,Architizer
Atelier 405,x,atelier405@gmail.com,http://www.405.pt/,"Rua Pedro Homem de Melo, Porto, Portugal",x,Architecture / Design Firm,Architizer
Atelier da Calçada,cell: +351 918 184 534,info@atelierdacalcada.pt,http://www.atelierdacalcada.pt/,"20, Avenida do Brasil, Lisboa, Portugal",x,Architecture / Design Firm,Architizer
atelier do rossio architecture,work: 916222474,alvarojpereira@gmail.com,http://alvarojpereira.blogspot.pt/,"Viseu, Portugal",x,Architecture / Design Firm,Architizer
Atelier in.vitro,work: 00351222449902,jlv@atelierinvitro.com,http://www.atelierinvitro.com,"505, Rua de Guerra Junqueiro, Porto, Portugal",x,Architecture / Design Firm,Architizer
azeromais®,work: 00351235853060,info@azeromais.com,http://www.azeromais.pt/,"Barqueiros, Portugal",x,Architecture / Design Firm,Architizer
Baixa Atelier,cell: + 351 966390396 / work: +351 213460917,baixa@baixaatelier.pt,http://www.baixaatelier.pt/,"Lisbon, Portugal",x,Architecture / Design Firm,Architizer
BAU UAU ARQUITECTURA,x,albertomontoyaarq@gmail.com,https://architizer.com/firms/bau-uau-arquitectura/,"Aveiro, Portugal",x,Architecture / Design Firm,Architizer
Bernardo Amaral Arquitectura,cell: + 351 931938506,bernardo.amaral@sapo.pt,https://architizer.com/firms/bernardo-amaral-arquitectura/,"83, Rua de Ceuta, Porto, Portugal",x,Architecture / Design Firm,Architizer
box: arquitectos,work: +351 296286332 / box: arquitectos,box@boxarquitectos.pt,https://www.boxarquitectos.com,"Rua Francisco Maria Supico, Ponta Delgada, Portugal",x,Architecture / Design Firm,Architizer
Braga Macedo Arquitectos Lda,work: + (351) 25361595,geral@bragamacedo.pt,https://architizer.com/firms/braga-macedo-arquitectos/,"Braga, Portugal",x,Architecture / Design Firm,Architizer
C& Partners Architects Inc.,work: +14168257910,info@carch.ca,http://www.carch.ca/,"Braga, Portugal",x,Architecture / Design Firm,Architizer
Carlos Amorim Faria Arquitect,work: +351 916 622 504,carlos.amorim.faria@gmail.com,http://www.carlosamorimfaria.pt,"Custóias, Portugal",x,Architecture / Design Firm,Architizer
Central Arquitectos,fax: +351253213482 / work: +351253213409,geral@centralarquitectos.com,http://www.centralarquitectos.com,"55, Rua Marcelino sá Pires, Braga, Portugal",x,Architecture / Design Firm,Architizer
Cerqueira Barros . arquitecto,work: +351 919 913 212 / http://www.cerqueirabarros.com/,projectos@cerqueirabarros.com,http://www.cerqueirabarros.com/,"Leça da Palmeira, Portugal",x,Architecture / Design Firm,Architizer
colectivoMEL,x,colectivomel@gmail.com,https://architizer.com/firms/colectivomel/,"Porto, Portugal",x,Architecture / Design Firm,Architizer
Contexto ®,work: +351225361023,geral@contexto.pt,http://www.contexto.pt/,"1000, Rua de Dom João Iv, Porto, Portugal",x,Architecture / Design Firm,Architizer
CREA,x,geral@crea.pt,http://www.crea.pt,"Porto, Portugal",x,Architecture / Design Firm,Architizer
"Cândido Chuva Gomes Arquitectos, lda",work: (+351) 213432545,atelier@ccg-arquitectos.pt,http://www.ccg-arquitectos.pt/,"50, Rua de O Século, Lisbon, Portugal",x,Architecture / Design Firm,Architizer
dash - architecture and design,cell: +351 966 052 600,info@dash-ad.eu,http://www.dash-ad.eu/,"Porto, Portugal",x,Architecture / Design Firm,Architizer
depA,x,depa@depa.pt,http://depa.pt/,"Porto, Portugal",x,Architecture / Design Firm,Architizer
"Design Director, Senior Urban Planner - Hill International at Saudi Industrial Authority",x,urbanistman@gmail.com,https://architizer.com/firms/urbanist-international-consulting/,"Riyadh, Saudi Arabia",x,Architecture / Design Firm,Architizer
DOLMU architekten and engineering,cell: +351962543763 / work: +351278425719 / http://dolmumobiliario.pt / http://www.dolmu.com,dolmuae@gmail.com,http://dolmumobiliario.pt/,"Macedo de Cavaleiros, Bragança District, Portugal",x,Architecture / Design Firm,Architizer
DOME architecture,http://domearchitecture.org/,welcome@domearchitecture.org,http://domearchitecture.org/,"28, Largo São Domingos, Porto, Portugal",x,Architecture / Design Firm,Architizer
Draft Visual,cell: (+351) 910092927,visual@draft.pt,http://draft.pt,"Lisbon, Portugal",x,Architecture / Design Firm,Architizer
eCube arquitectos,work: +351211922007,geral@ecube.pt,http://www.ecube.pt/,"Santarém District, Portugal",x,Architecture / Design Firm,Architizer
Em Paralelo,work: 934917526 / https://www.emparalelo.com/,info@emparalelo.com,https://www.emparalelo.com/,Portugal,x,Architecture / Design Firm,Architizer
em.arquitetura,x,esbocomisterioso@gmail.com,https://architizer.com/firms/em-arquitetura/,"Avenida Doutor Arménio Maia, Oliveira de Frades, Portugal",x,Architecture / Design Firm,Architizer
emprofeira,x,joana.ribeiromoreira@gmail.com,https://architizer.com/firms/emprofeira/,"Santa Maria da Feira, Portugal",x,Architecture / Design Firm,Architizer
Esboços e Riscos - arquitetos,x,ARQ.JORGE.VIDEIRA@GMAIL.COM,https://architizer.com/firms/esbocos-e-riscos-arquitetos/,"Chaves, Vila Real District, Portugal",x,Architecture / Design Firm,Architizer
EsboçoSigma,work: +351229745920,esbocosigma@gmail.com,http://www.esbocosigma.com/,"Maia, Portugal",x,Architecture / Design Firm,Architizer
ESQUISSOS,work: 96 303 34 74 / work: 21 967 23 87,geral@esquissos.net,http://www.esquissos.net,"Sintra, Lisbon, Portugal",x,Architecture / Design Firm,Architizer
ESQVTA | interior design & architecture,cell: 00351 917 626 668,design@esqvta.com,http://www.euseiquevouteamar.com/,Portugal,x,Architecture / Design Firm,Architizer
EVA | evolutionary architecture,x,global@eva-atelier.com,http://www.eva-atelier.com/,"112, Rua de Cedofeita, Porto, Portugal",x,Architecture / Design Firm,Architizer
FIAR,cell: +351 938627428 / cell: +351 969665449,geral.fiar@gmail.com,http://www.fiar.pt/,"Porto, Portugal",x,Architecture / Design Firm,Architizer
"Friday, Water Leisure, Vehicles and Homes",work: (+351) 239 780 082,info@gofriday.eu,http://www.gofriday.eu/,"Coimbra, Portugal",x,Architecture / Design Firm,Architizer
GABRIELA PINTO Arquitetura,x,x,http://www.gabrielapinto.com/,"Porto, Portugal",x,Architecture / Design Firm,Architizer
GRAU.ZERO Arquitectura,fax: 00 351 220 939 909 / work: 00 351 220 939 909,office@grauzero.com,http://www.grauzero.com,"44, Largo Alexandre Sá Pinto, Porto, Portugal",x,Architecture / Design Firm,Architizer
Gravito Sardinha Arquitectos,cell: +351 919320797,samuelsardinha@gmail.com,http://www.gravitosardinha.com/,"Lisbon, Portugal",x,Architecture / Design Firm,Architizer
GV+A Arquitectos,cell: +351933300789 / cell: +244925154242,gveiga@gv-arquitectos.com,http://www.gv-arquitectos.com,"Talatona, Angola",x,Architecture / Design Firm,Architizer
HAS - Hinterland Architecture Studio,work: 222444524,info@hinterland-as.com,http://www.hinterland-as.com,"154, Rua Rui Faleiro, Porto, Portugal",x,Architecture / Design Firm,Architizer
Heartchitects Studio,x,studio@heartchitects.com,http://www.archilovers.com/teams/606988/heartchitects-studio.html#projects,"Lisbon, Portugal",x,Architecture / Design Firm,Architizer
"Helder Francisco Sousa, arquitecto",cell: 00351967076918,arq.helder@gmail.com,http://www.exteriorinterior.net/,"Porto, Portugal",x,Architecture / Design Firm,Architizer
hoffice | Property Advisors,cell: +351 934108791,hofficemail@gmail.com,http://hoffice.me/,"Porto, Portugal",x,Architecture / Design Firm,Architizer
IMA arquitectura e engenharia,cell: +351969417187 / cell: +351965401268 / work: +351258941502,ima.arq@sapo.pt,http://pt-pt.facebook.com/pages/IMA-Ivan-Melo-arquitecto-gabinete-de-arquitectura-e-engenharia/212451728893767,"Ponte de Lima, Portugal",x,Architecture / Design Firm,Architizer
"Imarte, atelier",work: 00 351 21 958 86 60,geral@imarte.pt,http://www.imarte.pt/,"Alverca do Ribatejo, Portugal",x,Architecture / Design Firm,Architizer
JCFS Architects,work: +351217121200,Info@jcfs.eu,http://www.jcfs.eu,"Lisbon, Portugal",x,Architecture / Design Firm,Architizer
JD ARCHITECTURE WORK,x,joseduraes@lameladuraes.com,http://www.lameladuraes.com,"Esposende, Portugal",x,Architecture / Design Firm,Architizer
JLV,cell: +351916946466,jlveloso@gmail.com,https://architizer.com/firms/jlv/,"Povoa de Varzim, Portugal",x,Architecture / Design Firm,Architizer
JORDANA TOMÉ | VITOR QUARESMA - Atelier de Arquitectura,work: +351916292755 / work: +351967314187,geral@jtvq-atelier.com,http://pt-pt.facebook.com/jtvq.atelier,"25, Rua da Alegria, Lisboa, Portugal",x,Architecture / Design Firm,Architizer
jorge bartolo architects,x,jbartsimoes@gmail.com,https://architizer.com/firms/jorge-bartolo-arquitectura-lda/,"Porto, Portugal",x,Architecture / Design Firm,Architizer
"Jose Eduardo Tavares, Arquitectura Lda.",cell: +351 913455705 / work: +351 228310530,geral@arqjotta.com,http://www.arqjotta.com/,"296, Rua Florinha da Abrigada, Porto, Portugal",x,Architecture / Design Firm,Architizer
José Gigante Arquitecto,fax: 00 351 226 094 044 / work: 00 351 226 063 566 / http://www.josegigante.com,geral@josegigante.pt,http://www.josegigante.com/,"289, Rua Dom António Barroso, Porto, Portugal",x,Architecture / Design Firm,Architizer
José Nascimento Architect,x,x,http://www.jna.me/,"Tunes, Portugal",x,Architecture / Design Firm,Architizer
João Laranja Queirós Arquitectos + Associados,cell: +351 919 361 493,geral.joaolaranjaqueiros.arq@gmail.com,http://www.jlq-arquitectos.com/,"Porto, Portugal",x,Architecture / Design Firm,Architizer
"JOÃO PAULO BARBOSA & ANTÓNIO LENCASTRE, arquitectos",http://linguagemarquitectonica.blogspot.pt/ / http://jbarbosa-lencastre-arquitectos.blogspot.pt/,x,http://linguagemarquitectonica.blogspot.pt/,Portugal,x,Architecture / Design Firm,Architizer
joão ruela arquitecto,work: +351 234866324 / cell: +351 914215387,ruela.arquitecto@gmail.com,http://www.joaoruela-arquitecto.pt/,"Murtosa, Portugal",x,Architecture / Design Firm,Architizer
joão teles barbosa arquitecto,x,jtbarquitecto@gmail.com,http://www.jtb-arquitecto.com/,"Porto, Portugal",x,Architecture / Design Firm,Architizer
"JPLoureiro, Arquitecto, Lda",work: 351 229381052 / cell: 351 934440093,jplarquitecto@sapo.pt,http://joaopauloloureiro.wix.com/joaopauloloureiro,"1322, Rua Roberto Ivens, Matosinhos Municipality, Portugal",x,Architecture / Design Firm,Architizer
Just An Architect,cell: 00351 912 434 547 / work: 00351 255 422 159,jaa@justanarchitect.com,http://www.justanarchitect.com,"Amarante, Portugal, Portugal",x,Architecture / Design Firm,Architizer
LIMIT studio,cell: +351 912 379 125 / work: +351 253 173 018,info@limitstudio.pt,http://www.limitstudio.pt,"242, Rua Andrade Corvo, Braga, Portugal",x,Architecture / Design Firm,Architizer
Machado Costa,x,atelier@machadocosta.com,http://www.machadocosta.com/,"Lisbon, Portugal",x,Architecture / Design Firm,Architizer
Machado Igreja / Arquitectos,x,info@machadoigreja.pt,http://machadoigreja.pt/,"Lisbon, Portugal",x,Architecture / Design Firm,Architizer
"Manuel Albuquerque Tavares, Architect",x,arq.manuel.tavares@gmail.com,https://architizer.com/firms/manuel-albuquerque-tavares-arquitectura/,"Aveiro, Portugal",x,Architecture / Design Firm,Architizer
Marco Ivan Architects Studio,cell: +351 91 700 54 24,marcoivan@mistudio.pt,http://www.mistudio.pt/,"Braga Municipality, Portugal",x,Architecture / Design Firm,Architizer
Meireles Arquitectos,x,info@mmeireles.com,https://mmeireles.com/,"Porto, Portugal",x,Architecture / Design Firm,Architizer
Merêces Arch-Viz Studio,x,contact@sergiomereces.com,http://www.sergiomereces.com/,Portugal,x,Architecture / Design Firm,Architizer
MFA - Miguel Faria Arquiteto,work: +351 915912235 / work: + 351 915912235,arq@miguel-faria.com,http://www.miguel-faria.com/,"Santa Maria da Feira, Portugal",x,Architecture / Design Firm,Architizer
MGS arquitectura e reabilitação,x,geral@mgs-arquitectura.pt,http://www.mgs-arquitectura.pt/,"Torres Novas, Santarém District, Portugal",x,Architecture / Design Firm,Architizer
"Miguel Cardoso Arquitecto, Lda",x,mcardoso@m-cardoso.com,http://www.m-cardoso.com/,"Porto, Portugal",x,Architecture / Design Firm,Architizer
MJARC Architects,work: 00351226092735,geral@mjarc.com,http://mjarc.com,"Lisbon, Portugal",x,Architecture / Design Firm,Architizer
MODO Arquitectos Associados,x,atelier@modoarquitectos.com,http://www.modoarquitectos.com/,"Abrantes, Portugal",x,Architecture / Design Firm,Architizer
MR Studio - Interior Architecture & Design,x,info@mrstudio.pt,https://www.mrstudio.pt,"Lisbon, Portugal",x,Architecture / Design Firm,Architizer
Nelson Resende Arquitecto,cell: 00351 938663627,atelier@nelsonresendearquitecto.com,http://www.nelsonresendearquitecto.com/,"697, Rua 17 de Dezembro, Arada, Portugal",x,Architecture / Design Firm,Architizer
nuno capa arquitecto,x,nunocapa@gmail.com,https://architizer.com/firms/nuno-capa/,"Braga Municipality, Portugal",x,Architecture / Design Firm,Architizer
NUNO RIBEIRO arquitecto,http://arqnunoribeiro.wix.com/arquitectura-urbanismo,arq.nunoribeiro@gmail.com,http://arqnunoribeiro.wix.com/arquitectura-urbanismo,"Porto, Portugal",x,Architecture / Design Firm,Architizer
"Nuno Valentim, Arquitectura e Reabilitação, Lda",work: +351 226095467,mail@nunovalentim.com,https://architizer.com/firms/nuno-valentim-arquitectura-e-reabilitacao-lda/,"Rua Azevedo Coutinho, Porto, Portugal",x,Architecture / Design Firm,Architizer
OCO,cell: +351913364686,joaobucho@oco.pt,http://www.oco.pt/,"24, Rua Professor Reinaldo dos Santos, Lisboa, Portugal",x,Architecture / Design Firm,Architizer
Oggo Studio Architects,other: +33 6 71 47 08 29 / other: +33 6 71 47 08 29 / work: +351 965 090 494,contact@oggostudio.com,http://www.oggostudio.com,"Rua do Bonfim, Porto, Portugal",x,Architecture / Design Firm,Architizer
OODA ,work: +351 220114002,info@ooda.eu,http://www.ooda.eu/,"Rua Brito e Cunha, Matosinhos, Portugal",x,Architecture / Design Firm,Architizer
OPENBOOK Architecture,work: +351210960610,geral@openbook.pt,https://openbook.pt/,"19, Avenida Conselheiro Fernando de Sousa, Lisboa, Portugal",x,Architecture / Design Firm,Architizer
Orikomi,x,info@blaanc.com,http://www.etsy.com/shop/blaanc,"Lisbon, Portugal",x,Architecture / Design Firm,Architizer
Paulo Merlini,work: +(351)912579791 / http://www.paulomerlini.com/,merlini.arq@gmail.com,http://www.paulomerlini.com/,"191, Praça Manuel Guedes, São Cosme, Portugal",x,Architecture / Design Firm,Architizer
peblanc,cell: +351 925 861 124,peblanc@gmail.com,http://peblanc.wordpress.com/,"Lisbon, Portugal",x,Architecture / Design Firm,Architizer
Pedro Cabrito | Isabel Diniz arquitectos,x,pcidarch@gmail.com,https://architizer.com/firms/pedro-cabrito-isabel-diniz-arquitectos/,"Lisbon, Portugal",x,Architecture / Design Firm,Architizer
"Pedro Lima da Costa, Arquitectura",x,pedro@limadacostaarq.com,http://www.limadacostaarq.com,"Porto, Portugal",x,Architecture / Design Firm,Architizer
"Pedro Sá Costa, Arquitecto",x,pedrosacosta@gmail.com,http://www.pedrosacosta.com/,"Porto, Portugal",x,Architecture / Design Firm,Architizer
"Pedro Valente, Arquitectura",cell: +351919741106,pedrovalente.arquitectura@gmail.com,https://architizer.com/firms/pedro-valente-arquitectura/,"Porto, Portugal",x,Architecture / Design Firm,Architizer
Pixelmatters,http://pixelmatters.com,x,http://pixelmatters.com/,"Porto, Portugal",x,Architecture / Design Firm,Architizer
PMC Arquitectos,cell: 91 223 72 85 / work: 21 845 32 10,geral@pmc.pt,http://www.pmc-arquitectos.com/,"Lisbon, Portugal",x,Architecture / Design Firm,Architizer
psaa arquitetura,work: +351911032106,psaa.arquitetura@gmail.com,http://www.psaa.pt/,"Oliveira de Frades, Portugal",x,Architecture / Design Firm,Architizer
PVM Arquitetura,x,geral@pvmarquitetura.com,https://architizer.com/firms/pvm-arquitetura/,"Guimaraes, Portugal",x,Architecture / Design Firm,Architizer
RAAD Archidesign Studio,work: +351 917 261 159,info@raad.pt,https://architizer.com/firms/raad-archidesign-studio/,"744, Rua Mouzinho de Albuquerque, Matosinhos, Portugal",x,Architecture / Design Firm,Architizer
Rita Pinto Ribeiro,x,x,https://architizer.com/firms/rita-pinto-ribeiro/,"Lisbon, Portugal",x,Architecture / Design Firm,Architizer
RLA | RICHARD LOUREIRO ARCHITECTS,work: +351 253 095 450,info@rla-architects.co,http://www.rla-architects.co/,"Guimaraes, Portugal",x,Architecture / Design Firm,Architizer
Rosmaninho+Azevedo - Architects,x,info@rosmaninhoazevedo.com,http://rosmaninhoazevedo.com,"Porto, Portugal",x,Architecture / Design Firm,Architizer
RSA - rosasantosarquitectos,work: +351 214 006 379,geral@rosasantos.pt,https://architizer.com/firms/rosa-santos-arquitectos/,"Rua António Patrício, Lisboa, Portugal",x,Architecture / Design Firm,Architizer
RVDM,x,rvdm@rvdm.pt,http://www.rvdm.pt/,"Aveiro, Portugal",x,Architecture / Design Firm,Architizer
Sabrab SA,work: +351926476935,sabrab@sabrab.com,http://www.sabrab.com,"Alameda dos Oceanos, Lisboa, Portugal",x,Architecture / Design Firm,Architizer
SANTIAGO & TORRES arquitetos,work: +351926765161,santiagotorres.arquitectos@gmail.com,http://www.santiago-torres.pt/,"Alameda Jardins da Arrábida, São Pedro da Afurada, Portugal",x,Architecture / Design Firm,Architizer
Santos Moreira - Luis Miguel Moreira,cell: 917601000,luis.s.moreira.arq@gmail.com,http://www.santosmoreira.pt/,"Paços de Ferreira, Portugal",x,Architecture / Design Firm,Architizer
Saraiva + Associados,work: +351 213 939 340 / work: +351 213 939 340,geral@msa.com.pt,http://www.saraivaeassociados.com/,"Lisbon, Portugal",x,Architecture / Design Firm,Architizer
Scalline Group,other: +244 942 628 237 / other: +41 223 404 689 / other: +351 218 939 130,scallineangola@scalline.com,http://www.scalline.com/,"Rua Mar da China, Lisboa, Portugal",x,Architecture / Design Firm,Architizer
SCC ARQUITECTOS,work: +351213901746,scc@sccarquitectos.com,http://www.sccarquitectos.com,"70, Rua das Fontaínhas, Lisboa, Portugal",x,Architecture / Design Firm,Architizer
"Sitios e Formas - Projeto e Consultoria, Lda.",work: +351 239 854 160,info@sitioseformas.com,http://sitioseformas.com/,"Coimbra, Portugal",x,Architecture / Design Firm,Architizer
skemba - arquitectura e engenharia,x,skemba@b-in.pt,http://www.skemba.pt,"Amarante, Portugal, Portugal",x,Architecture / Design Firm,Architizer
spacelovers,cell: 967731935 / cell: 969010330,geral@spacelovers.pt,https://spacelovers.pt/servicos-de-arquitetura/projetos-de-arquitetura/,"67, Calçada da Tapada, Lisboa, Portugal",x,Architecture / Design Firm,Architizer
STUDIO HELGA AZEVEDO | BRAND DESIGN,work: +351931656025,helga.azevedo@gmail.com,https://architizer.com/firms/studio-helga-azevedo/,"Porto, Portugal",x,Architecture / Design Firm,Architizer
TARGA atelier,work: +351 965351044,targa.atelier@gmail.com,http://www.targa-atelier.com/,"Lisbon, Portugal",x,Architecture / Design Firm,Architizer
Telmo Castro Arquitectos Associados,cell: +351917587459 / work: +351229374631,telmocastro.arquitectos@gmail.com,http://www.telmocastro.com/,"237, Rua Doutor Forbes Bessa, Matosinhos, Portugal",x,Architecture / Design Firm,Architizer
Terrapalha | Estúdio de Arquitectura,cell: +351933291112,x,http://www.terrapalha.com/,"Lisbon, Portugal",x,Architecture / Design Firm,Architizer
TL Architecture,cell: +351 910562274,tropicallandscape1@gmail.com,http://www.tlarchitecturept.com,Portugal,x,Architecture / Design Firm,Architizer
UMA Collective,x,studio@umacollective.com,http://www.umacollective.pt/,"16, Largo Rafael Bordalo Pinheiro, Lisboa, Portugal",x,Architecture / Design Firm,Architizer
Victor Vicente,x,vv@mourav.com,http://mourav.com/,"Lisbon, Portugal",x,Architecture / Design Firm,Architizer
Vítor Leal Barros Architecture,work: +351 220 937 444,vitorlealbarros@gmail.com,https://www.vitorlealbarros.com/,"Rua de Santa Catarina, Porto, Portugal",x,Architecture / Design Firm,Architizer
yaroslav galant innovative design,cell: +351 968 344 198,mail@yaroslavgalant.com,https://architizer.com/firms/yaroslav-galant-innovative-design/,"Lisbon, Portugal",x,Architecture / Design Firm,Architizer
▷i!t∑k,x,arqui@techie.com,http://www.magik.arquimodem.com/,"Faro District, Portugal",x,Architecture / Design Firm,Architizer
